<?xml version="1.0" encoding="UTF-8"?>
<project-private xmlns="http://www.netbeans.org/ns/project-private/1">
    <editor-bookmarks xmlns="http://www.netbeans.org/ns/editor-bookmarks/2" lastBookmarkId="0"/>
    <open-files xmlns="http://www.netbeans.org/ns/projectui-open-files/2">
        <group>
            <file>file:/Users/addisonraak/Desktop/School/Year3_Fall/EE334/Mastermind%20King%20&amp;%20Raak%20EE%20334.X/m.asm</file>
            <file>file:/Users/addisonraak/Desktop/School/Year3_Fall/EE334/Mastermind%20King%20&amp;%20Raak%20EE%20334.X/LCD_p18LCD_Subs_New.asm</file>
        </group>
    </open-files>
</project-private>
